-- seleecionamos la BBDD --
USE practica;
-- alimentamos la tabla de productos --
INSERT INTO products (`product_id`, `name`, `description`, `image_ref`, `price`, `stock`)
VALUES ('1', 'Classic', 'Donut glaseado, el de toda la vida. ¡En la sencillez está la perfección!', 'Product1.png', 1.25, '100'),
('2', 'Dark Chocolate', 'Donut recubierto con delicado chocolate amargo belga. ¡Un clásico elegante!', 'Product2.png', 1.30, 100),
('3', 'Pecan Crunch', 'Donut con cobertura de chocolate amargo y nueces pecanas caramelizadas. ¡No podrás comer sólo uno!', 'Product3.png', 1.50, 100),
('4', 'Caramel Crunch', 'Donut con una suave cobertura de chocolate y frutos secos. Decorado con abundante caramel crunch. ¡Adictivo!', 'Product4.png', 1.50, 100),
('5', 'Apple Caramel Bomb', 'Delicioso donut relleno de crema de manzana y recubierto por una crujiente capa de caramelo. ¡Vas a querer repetir!', 'Product5.png', 1.80, 100),
('6', 'Forest Berrie Explosion', 'Delicioso donut relleno de mermelada de frutos del bosque, con glaseado y frambuesa liofilizada como topping. ¡Te encantará!', 'Product6.png', 1.80, 100),
('7', 'Nutella Bliss', 'Delicioso donut relleno de Nutella. ¡No podrás resistirte!', 'Product7.png', 1.80, 100),
('8', 'Chocolate Surprise', 'Increíble donut relleno de cremosa crema de chocolate negro. Recubierto con chocolate y decorado con nata y avellanas.', 'Product8.png', 1.90, 100),
('9', 'Oreo Symphony', 'Increíble donut relleno de crema de cacao. Con un crujiente recubrimiento de Oreo. ¡Ñam!', 'Product9.png', 1.90, 100),
('10', 'Oreo Cake', 'Donut gigante relleno de crema de cacao y con un crujiente recubrimiento de Oreo. Para 6 personas aprox.', 'Product10.png', 9.25, 30),
('11', 'Classic Cake', 'Donut gigante glaseado, relleno con nata montada. Para 6 personas. ¡Te ponemos el mensaje personalizado que quieras al recogerlo! Para 6 personas aprox.', 'Product11.png', 7.00, 30),
('12', 'Berrie Cake', 'Donut gigante decorado con frutos del bosque, relleno con nata montada. Para 6 personas aprox.', 'Product12.png', 8.50, 30),
('13', 'Brownie Cake', 'Donut gigante con cobertura de chocolate, crumbles de brownie y trocitos de cacahuete. Para 6 personas aprox.', 'Product13.png', 9.25, 30);
-- alimentamos la tabla de ingredientes --
INSERT INTO ingredients (`ingredient_id`, `ingredient`)
VALUES ('1', 'harina'),
('2', 'azúcar'),
('3', 'mantequilla'),
('4', 'leche'),
('5', 'levadura'),
('6', 'sal'),
('7', 'huevo'),
('8', 'chocolate'),
('9', 'nueces pecanas'),
('10', 'esencia de vainilla'),
('11', 'avellanas'),
('12', 'manzana'),
('13', 'frambuesa'),
('14', 'mora'),
('15', 'arándano'),
('16', 'fresa'),
('17', 'Nutella'),
('18', 'nata'),
('19', 'Oreo'),
('20', 'harina gluten-free');
-- alimentamos la tabla de detalles --
INSERT INTO details (`detail_id`, `attribute`)
VALUES ('1', 'contiene gluten'),
('2', 'contiene frutos secos'),
('3', 'producto vegano'),
('4', 'producto relleno'),
('5', 'producto XXL');
-- alimentamos la tabla de orders --
INSERT INTO orders (`order_id`, `status`, `customer_name`, `customer_email`, `customer_telephone`, `amount`, `date`, `time`)
VALUES ('1', 'pedido entregado', 'Indra', 'indra@tondc.com', '646323818', 7.00, '2023-11-01', '09:30'),
('2', 'pedido entregado', 'Clarke', 'clarke@wanheda.com', '656434797', 5.40, '2023-11-07', '14:15'),
('3', 'pedido listo para recoger', 'Raven', 'raven@themechanic.com', '696454121', 9.25, '2023-11-11', '17:27'),
('4', 'pedido confirmado', 'Lexa', 'lexa@heda.com', '676585919', 23.15, '2023-11-15', '21:49');
-- Alimentamos la table products_has_ingredients --
INSERT INTO products_has_ingredients (`product_id`, `ingredient_id`, `grams_per_unit`)
VALUES (1, 20, 40),
(1, 2, 10),
(1, 5, 4),
(1, 6, 3),
(2, 20, 40),
(2, 2, 10),
(2, 5, 4),
(2, 6, 3),
(2, 8, 20),
(5, 1, 40),
(5, 2, 15),
(5, 5, 4),
(5, 6, 3),
(5, 8, 20),
(5, 12, 25),
(5, 10, 2),
(3, 1, 40),
(3, 2, 10),
(3, 3, 10),
(3, 4, 15),
(3, 5, 4),
(3, 6, 3),
(3, 7, 6),
(4, 1, 40),
(4, 2, 10),
(4, 3, 10),
(4, 4, 15),
(4, 5, 4),
(4, 6, 3),
(4, 7, 6),
(6, 1, 40),
(6, 2, 10),
(6, 3, 10),
(6, 4, 15),
(6, 5, 4),
(6, 6, 3),
(6, 7, 6),
(7, 1, 40),
(7, 2, 10),
(7, 3, 10),
(7, 4, 15),
(7, 5, 4),
(7, 6, 3),
(7, 7, 6),
(8, 1, 40),
(8, 2, 10),
(8, 3, 10),
(8, 4, 15),
(8, 5, 4),
(8, 6, 3),
(8, 7, 6),
(9, 1, 40),
(9, 2, 10),
(9, 3, 10),
(9, 4, 15),
(9, 5, 4),
(9, 6, 3),
(9, 7, 6),
(10, 1, 240),
(10, 2, 60),
(10, 3, 60),
(10, 4, 90),
(10, 5, 24),
(10, 6, 18),
(10, 7, 36),
(11, 1, 240),
(11, 2, 60),
(11, 3, 60),
(11, 4, 90),
(11, 5, 24),
(11, 6, 18),
(11, 7, 36),
(12, 1, 240),
(12, 2, 60),
(12, 3, 60),
(12, 4, 90),
(12, 5, 24),
(12, 6, 18),
(12, 7, 36),
(13, 1, 240),
(13, 2, 60),
(13, 3, 60),
(13, 4, 90),
(13, 5, 24),
(13, 6, 18),
(13, 7, 36),
(9, 19, 20),
(10, 19, 120),
(8, 18, 9),
(11, 18, 150),
(12, 18, 175),
(7, 17, 40),
(6, 16, 10),
(12, 16, 40),
(6, 15, 10),
(12, 15, 40),
(6, 14, 10),
(12, 14, 20),
(6, 13, 14),
(12, 13, 20),
(4, 10, 2),
(3, 10, 2),
(11, 10, 12),
(12, 10, 12),
(3, 9, 10),
(4, 9, 5),
(4, 11, 5),
(8, 11, 5),
(13, 11, 30),
(3, 8, 20),
(8, 8, 40),
(10, 8, 100),
(13, 8, 100);
--  alimentamos la tabla products_has_details --
INSERT INTO products_has_details (`product_id`, `detail_id`)
VALUES (1, 1),
(2, 1),
(3, 2),
(4, 2),
(7, 2),
(8, 2),
(13, 2),
(1, 3),
(2, 3),
(5, 3),
(5, 4),
(6, 4),
(7, 4),
(8, 4),
(9, 4),
(10, 4),
(11, 4),
(12, 4),
(10, 5),
(11, 5),
(12, 5),
(13, 5);
-- alimentamos la tabla de orders_has_products --
INSERT INTO orders_has_products (`order_id`, `product_id`, `quantity`, `unit_price`)
VALUES (1, 1, 2, 1.25),
(1, 2, 2, 1.30),
(1, 8, 1, 1.90),
(2, 5, 1, 1.80),
(2, 6, 1, 1.80),
(2, 7, 1, 1.80),
(3, 13, 1, 9.25),
(4, 10, 1, 9.25),
(4, 8, 8, 1.90),
(4, 9, 4, 1.90);
